{
	"i": [
		[
			0.012391106225550175
		],
		[
			-0.023332694545388222
		],
		[
			-0.11125535517930984
		],
		[
			0.07016848772764206
		],
		[
			-0.022674493491649628
		],
		[
			0.07090681791305542
		],
		[
			-0.06470945477485657
		],
		[
			0.022404031828045845
		],
		[
			0.16341464221477509
		],
		[
			-0.05069180577993393
		],
		[
			0.01656089536845684
		],
		[
			0.09925171732902527
		],
		[
			0.1011078804731369
		],
		[
			0.10812483727931976
		],
		[
			-0.0824688971042633
		],
		[
			0.11000493913888931
		],
		[
			0.03482372686266899
		],
		[
			0.06172686070203781
		],
		[
			0.0940798819065094
		],
		[
			-0.09247007220983505
		],
		[
			0.03750911355018616
		],
		[
			-0.019723286852240562
		],
		[
			0.014475328847765923
		],
		[
			-0.06313486397266388
		],
		[
			0.014668541960418224
		],
		[
			0.17674683034420013
		],
		[
			0.2266424596309662
		],
		[
			0.11672215163707733
		],
		[
			0.24288177490234375
		],
		[
			-0.021034520119428635
		],
		[
			0.010954190976917744
		],
		[
			-0.23335419595241547
		],
		[
			-0.027332577854394913
		],
		[
			0.03783237189054489
		],
		[
			-0.03028370812535286
		],
		[
			0.0343802385032177
		],
		[
			-0.19737182557582855
		],
		[
			0.005769889801740646
		],
		[
			0.07885999232530594
		],
		[
			-0.0020710965618491173
		],
		[
			-0.20587684214115143
		],
		[
			0.049364928156137466
		],
		[
			0.04360587149858475
		],
		[
			-0.17325906455516815
		],
		[
			-0.0640852227807045
		],
		[
			0.04300933703780174
		],
		[
			-0.0024198265746235847
		],
		[
			0.22684228420257568
		],
		[
			0.0031248771119862795
		],
		[
			0.012713654898107052
		]
	],
	"f": [
		[
			1.0
		],
		[
			1.0
		],
		[
			1.0
		],
		[
			1.0
		],
		[
			1.0
		],
		[
			1.0
		],
		[
			1.0
		],
		[
			1.0
		],
		[
			1.0
		],
		[
			1.0
		],
		[
			1.0
		],
		[
			1.0
		],
		[
			1.0
		],
		[
			1.0
		],
		[
			1.0
		],
		[
			1.0
		],
		[
			1.0
		],
		[
			1.0
		],
		[
			1.0
		],
		[
			1.0
		],
		[
			1.0
		],
		[
			1.0
		],
		[
			1.0
		],
		[
			1.0
		],
		[
			1.0
		],
		[
			1.0
		],
		[
			1.0
		],
		[
			1.0
		],
		[
			1.0
		],
		[
			1.0
		],
		[
			1.0
		],
		[
			1.0
		],
		[
			1.0
		],
		[
			1.0
		],
		[
			1.0
		],
		[
			1.0
		],
		[
			1.0
		],
		[
			1.0
		],
		[
			1.0
		],
		[
			1.0
		],
		[
			1.0
		],
		[
			1.0
		],
		[
			1.0
		],
		[
			1.0
		],
		[
			1.0
		],
		[
			1.0
		],
		[
			1.0
		],
		[
			1.0
		],
		[
			1.0
		],
		[
			1.0
		]
	],
	"c": [
		[
			0.03282616659998894
		],
		[
			-0.04211592301726341
		],
		[
			-0.03188471496105194
		],
		[
			-0.00985641498118639
		],
		[
			-0.027429794892668724
		],
		[
			-0.015998980030417442
		],
		[
			0.04921398311853409
		],
		[
			-0.01717347837984562
		],
		[
			0.011127009056508541
		],
		[
			0.04446316882967949
		],
		[
			0.0349399708211422
		],
		[
			0.013070827350020409
		],
		[
			0.010193923488259315
		],
		[
			0.01010571513324976
		],
		[
			-0.041053712368011475
		],
		[
			-0.002018887549638748
		],
		[
			0.033224958926439285
		],
		[
			0.026496315374970436
		],
		[
			0.003429044270887971
		],
		[
			0.05425723269581795
		],
		[
			0.003922030329704285
		],
		[
			-0.03164701908826828
		],
		[
			-0.023279674351215363
		],
		[
			0.04209788516163826
		],
		[
			0.026895510032773018
		],
		[
			-0.005458933766931295
		],
		[
			-0.0011521849082782865
		],
		[
			-0.010003503412008286
		],
		[
			-0.0191182941198349
		],
		[
			0.03275379538536072
		],
		[
			-0.057714544236660004
		],
		[
			0.011721855029463768
		],
		[
			-0.02771417424082756
		],
		[
			-0.011695770546793938
		],
		[
			-0.009889218956232071
		],
		[
			-0.025089262053370476
		],
		[
			0.006762492470443249
		],
		[
			0.019768401980400085
		],
		[
			0.011131073348224163
		],
		[
			0.011742976494133472
		],
		[
			0.022098585963249207
		],
		[
			-0.0048867748118937016
		],
		[
			-0.01121123880147934
		],
		[
			0.02573772519826889
		],
		[
			-0.03503354638814926
		],
		[
			0.004909104201942682
		],
		[
			-0.029996726661920547
		],
		[
			0.009121503680944443
		],
		[
			-0.015114977955818176
		],
		[
			-0.00036628847010433674
		]
	],
	"o": [
		[
			0.012071243487298489
		],
		[
			-0.018817981705069542
		],
		[
			-0.10964836925268173
		],
		[
			0.07643935829401016
		],
		[
			-0.02418837696313858
		],
		[
			0.0718381479382515
		],
		[
			-0.06580248475074768
		],
		[
			0.019873756915330887
		],
		[
			0.14317472279071808
		],
		[
			-0.04947536066174507
		],
		[
			0.024711914360523224
		],
		[
			0.09274905174970627
		],
		[
			0.09993385523557663
		],
		[
			0.11518377810716629
		],
		[
			-0.08418280631303787
		],
		[
			0.11340886354446411
		],
		[
			0.036521974951028824
		],
		[
			0.06313317269086838
		],
		[
			0.09546671062707901
		],
		[
			-0.08549124747514725
		],
		[
			0.035534512251615524
		],
		[
			-0.016694575548171997
		],
		[
			0.00822136178612709
		],
		[
			-0.06437377631664276
		],
		[
			0.01433722022920847
		],
		[
			0.16010840237140656
		],
		[
			0.2179957777261734
		],
		[
			0.12746693193912506
		],
		[
			0.23782828450202942
		],
		[
			-0.018628234043717384
		],
		[
			0.01620928756892681
		],
		[
			-0.2358684241771698
		],
		[
			-0.017732439562678337
		],
		[
			0.0412142388522625
		],
		[
			-0.022671714425086975
		],
		[
			0.030871666967868805
		],
		[
			-0.19649994373321533
		],
		[
			0.004501247312873602
		],
		[
			0.07161065191030502
		],
		[
			0.0018777785589918494
		],
		[
			-0.20919866859912872
		],
		[
			0.06571497768163681
		],
		[
			0.04820803552865982
		],
		[
			-0.17730359733104706
		],
		[
			-0.06652490794658661
		],
		[
			0.03663397952914238
		],
		[
			-0.004403747618198395
		],
		[
			0.2267882376909256
		],
		[
			0.006950499955564737
		],
		[
			0.021639274433255196
		]
	]
}