{
	"i": [
		[
			-0.02141476981341839
		],
		[
			-0.012862667441368103
		],
		[
			0.021469103172421455
		],
		[
			-0.053331296890974045
		],
		[
			-0.016401343047618866
		],
		[
			0.005569389555603266
		],
		[
			-0.0014439482474699616
		],
		[
			-0.003734349273145199
		],
		[
			-0.09047609567642212
		],
		[
			-0.07149942964315414
		],
		[
			0.00048731782590039074
		],
		[
			0.035843245685100555
		],
		[
			-0.009300959296524525
		],
		[
			-0.025186974555253983
		],
		[
			-0.008911552838981152
		],
		[
			-0.03636123612523079
		],
		[
			-0.00027831640909425914
		],
		[
			-0.02523723803460598
		],
		[
			0.01040318887680769
		],
		[
			0.04404935985803604
		],
		[
			-0.0419195219874382
		],
		[
			-0.009101524949073792
		],
		[
			-0.10821151733398438
		],
		[
			-0.03669269382953644
		],
		[
			-0.010353341698646545
		],
		[
			0.018798282369971275
		],
		[
			-0.00926274061203003
		],
		[
			-0.025528810918331146
		],
		[
			0.04882096126675606
		],
		[
			0.004829648416489363
		],
		[
			0.01805226504802704
		],
		[
			-0.01711180992424488
		],
		[
			-0.031467314809560776
		],
		[
			-0.0014134175144135952
		],
		[
			0.008431496098637581
		],
		[
			-0.0032792878337204456
		],
		[
			-0.04210186004638672
		],
		[
			0.0008782904478721321
		],
		[
			-0.07528635114431381
		],
		[
			-0.03557873144745827
		],
		[
			-0.028381146490573883
		],
		[
			0.0534350723028183
		],
		[
			0.024062594398856163
		],
		[
			-0.0598420724272728
		],
		[
			-0.08631724119186401
		],
		[
			0.009933647699654102
		],
		[
			-0.03507256507873535
		],
		[
			-0.017651185393333435
		],
		[
			-0.0032393671572208405
		],
		[
			-0.12024516612291336
		]
	],
	"f": [
		[
			1.0
		],
		[
			1.0
		],
		[
			1.0
		],
		[
			1.0
		],
		[
			1.0
		],
		[
			1.0
		],
		[
			1.0
		],
		[
			1.0
		],
		[
			1.0
		],
		[
			1.0
		],
		[
			1.0
		],
		[
			1.0
		],
		[
			1.0
		],
		[
			1.0
		],
		[
			1.0
		],
		[
			1.0
		],
		[
			1.0
		],
		[
			1.0
		],
		[
			1.0
		],
		[
			1.0
		],
		[
			1.0
		],
		[
			1.0
		],
		[
			1.0
		],
		[
			1.0
		],
		[
			1.0
		],
		[
			1.0
		],
		[
			1.0
		],
		[
			1.0
		],
		[
			1.0
		],
		[
			1.0
		],
		[
			1.0
		],
		[
			1.0
		],
		[
			1.0
		],
		[
			1.0
		],
		[
			1.0
		],
		[
			1.0
		],
		[
			1.0
		],
		[
			1.0
		],
		[
			1.0
		],
		[
			1.0
		],
		[
			1.0
		],
		[
			1.0
		],
		[
			1.0
		],
		[
			1.0
		],
		[
			1.0
		],
		[
			1.0
		],
		[
			1.0
		],
		[
			1.0
		],
		[
			1.0
		],
		[
			1.0
		]
	],
	"c": [
		[
			-0.005127105861902237
		],
		[
			0.0029668149072676897
		],
		[
			-0.008366359397768974
		],
		[
			-0.005435426253825426
		],
		[
			0.004870082251727581
		],
		[
			-0.00556532246991992
		],
		[
			-0.0045541259460151196
		],
		[
			-0.003572004847228527
		],
		[
			0.0017814756138250232
		],
		[
			0.0094021987169981
		],
		[
			0.005289739929139614
		],
		[
			-0.007552370894700289
		],
		[
			0.004747716709971428
		],
		[
			-0.005449787713587284
		],
		[
			-0.0039207166992127895
		],
		[
			0.004171822685748339
		],
		[
			-0.003546572756022215
		],
		[
			-0.006539087276905775
		],
		[
			0.005906125996261835
		],
		[
			-0.007703161332756281
		],
		[
			-0.012776260264217854
		],
		[
			0.006576159503310919
		],
		[
			0.0014342238428071141
		],
		[
			0.004009933676570654
		],
		[
			0.003824522253125906
		],
		[
			-0.007077509071677923
		],
		[
			-0.0010754214599728584
		],
		[
			0.0006253840401768684
		],
		[
			0.005011968780308962
		],
		[
			0.0011405103141441941
		],
		[
			0.002592777833342552
		],
		[
			0.006918650586158037
		],
		[
			0.001988897565752268
		],
		[
			0.005699679721146822
		],
		[
			0.007637608330696821
		],
		[
			-0.0026605550665408373
		],
		[
			0.0028269130270928144
		],
		[
			0.0026551259215921164
		],
		[
			-0.004321827087551355
		],
		[
			-0.00597646739333868
		],
		[
			-0.000988508341833949
		],
		[
			0.00619232514873147
		],
		[
			-0.004141287412494421
		],
		[
			-0.012639171443879604
		],
		[
			0.0011418828507885337
		],
		[
			-0.0036978526040911674
		],
		[
			0.002299315296113491
		],
		[
			-0.0013984921388328075
		],
		[
			-0.0010688522597774863
		],
		[
			-0.001669069635681808
		]
	],
	"o": [
		[
			-0.021050870418548584
		],
		[
			-0.013325766660273075
		],
		[
			0.02097812108695507
		],
		[
			-0.05515409633517265
		],
		[
			-0.01691138558089733
		],
		[
			0.004649943672120571
		],
		[
			-0.0018360991962254047
		],
		[
			-0.005444485694169998
		],
		[
			-0.08955095708370209
		],
		[
			-0.07194794714450836
		],
		[
			0.0003831011417787522
		],
		[
			0.03518977016210556
		],
		[
			-0.0095988679677248
		],
		[
			-0.02657395415008068
		],
		[
			-0.007981679402291775
		],
		[
			-0.036043208092451096
		],
		[
			-0.00010900176130235195
		],
		[
			-0.026410406455397606
		],
		[
			0.010572913102805614
		],
		[
			0.041166651993989944
		],
		[
			-0.043358299881219864
		],
		[
			-0.00869613979011774
		],
		[
			-0.10796712338924408
		],
		[
			-0.036844342947006226
		],
		[
			-0.010521178133785725
		],
		[
			0.01802210882306099
		],
		[
			-0.010602163150906563
		],
		[
			-0.025465477257966995
		],
		[
			0.048360589891672134
		],
		[
			0.0042352257296442986
		],
		[
			0.01602965034544468
		],
		[
			-0.018004179000854492
		],
		[
			-0.03152552247047424
		],
		[
			-0.001752261770889163
		],
		[
			0.008258042857050896
		],
		[
			-0.004106657579541206
		],
		[
			-0.0426010824739933
		],
		[
			0.0005419036606326699
		],
		[
			-0.07457909733057022
		],
		[
			-0.037287235260009766
		],
		[
			-0.029000645503401756
		],
		[
			0.05255119502544403
		],
		[
			0.024177562445402145
		],
		[
			-0.05961461737751961
		],
		[
			-0.08577554672956467
		],
		[
			0.009066108614206314
		],
		[
			-0.034585561603307724
		],
		[
			-0.018422143533825874
		],
		[
			-0.004349450580775738
		],
		[
			-0.11975713819265366
		]
	]
}